{
"Optimize": {
    "Memory": {
        "启用清理垃圾功能": true,
        "替换ObjectIdentityMap为IntMap(如果你有很多带meta的方块就关闭)": false,
        "替换DCA/DMA/DFA的反射为native方法, 降低内存消耗": true
    },
    "Efficiency": {
        "getEntitiesInAABB()的缓存时长(ms), 0关闭": 0,
        "缓存mod注解": true,
        "替换方块实体的创建为DCA, 替代反射, 提高效率": false,
        "替换实体的创建为DCA, 替代反射, 提高效率": false,
        "让World使用MutableBlockPos": false,
        "让World再快一点": false,
        "替换区块中的光照计算，提高效率": false,
        "稿子优化": true,
        "每t最大生成区块数量": 10,
        "生成区块最大延时(ms)": 25
    },
    "Misc": {
        "对'World'的其他微小优化": false,
        "减小log文件体积": true
    },
    "Game": {
        "防止破坏方块过快时出现幽灵方块": true,
        "修复村庄和世界优化同时开启时爆炸的问题": false,
        "WIP": {
            "替换MC的穷举法提高熔炉/工作台合成判断速度": false
        }
    },
    "Client": {
        "Game": {
            "删除反胃药水效果并使得地狱门里可以输入指令": true,
            "修复飞行时的渲染问题": true,
            "修复客户端连接服务器时的NPE: group": true,
            "滑块只有鼠标松开时才会应用更改": false,
            "修复流体材质丢失": true,
            "自动重载声音": true,
            "最大粒子效果数量(还要乘以4-8)": 4096,
            "删除洞穴音效": false
        },
        "Efficiency": {
            "不活动n秒时自动降低FPS (0关闭)": 120,
            "切换世界的速度(0-3)越大越快": 3
        },
        "Memory": {
            "替换客户端世界的实体列表": true
        },
        "Misc": {
            "在日志中记录聊天": true,
            "中文模式的英文字体不好看怎么办": true
        }
    },
    "Server": {
        "Efficiency": {
            "根据TPS自动调节视距(最小值), 0关闭": 0
        },
        "Game": {
            "不允许二次登陆": false
        }
    }
},
"Debug": {
    "出现BUG时设为2047, 生成更详细的数据，请带好logs/debug.log发送给作者": 0
},
"Util": {
    "Client": {
        "高级提示框": true,
        "提示背包物品改变": false
    },
    "改变Tick速度": false,
    "为没有物品的方块创建物品": false
},
"Tweak": {
    "怪物只能在完整方块上生成": false,
    "只有玩家可以开着矿车到处跑": false,
    "从高处落下会具有更多的攻击伤害": false,
    "注册ImpLib自身的物品": true,
    "禁用的方块实体列表": [],
    "Anvil": {
        "删除RepairCost标签": false,
        "允许合成超过最大等级的附魔书": false
    },
    "Client": {
        "窗口标题": "uzuki chii 1.12.2 v1.0.2 by.羽月ちい字幕组",
        "客户端连接服务器的网络超时": 30,
        "自动爬楼梯": true,
        "聊天记录最大长度": 100,
        "禁用自动跳跃": false,
        "显示背包时不会被药水效果带偏": true,
        "客户端标识(原版：vanilla)": "disable"
    }
},
"Mod-Porting": {
    "WIP": {
        "Thallium(FPS Improve)": false
    },
    "Lootr(独立战利品箱)": false,
    "树叶快速凋零": false
}
}