{
  "tools": {
    "axe": {
      "name": "Axe",
      "icon": "minecraft:diamond_axe",
      "toollist": [
        "BiomesOPlenty:axeAmethyst",
        "BiomesOPlenty:axeMud",
        "IC2:itemToolBronzeAxe",
        "IC2:itemToolChainsaw",
        "appliedenergistics2:certus_quartz_axe",
        "appliedenergistics2:item.ToolCertusQuartzAxe",
        "appliedenergistics2:item.ToolNetherQuartzAxe",
        "appliedenergistics2:nether_quartz_axe",
        "minecraft:diamond_axe",
        "minecraft:golden_axe",
        "minecraft:iron_axe",
        "minecraft:stone_axe",
        "minecraft:wooden_axe",
        "tconstruct:hatchet"
      ],
      "blocklist": [
        "biomesoplenty:leaves_0/8",
        "biomesoplenty:leaves_0/9",
        "biomesoplenty:leaves_0/10",
        "biomesoplenty:leaves_0/11",
        "biomesoplenty:leaves_1/8",
        "biomesoplenty:leaves_1/9",
        "biomesoplenty:leaves_1/10",
        "biomesoplenty:leaves_1/11",
        "biomesoplenty:leaves_2/8",
        "biomesoplenty:leaves_2/9",
        "biomesoplenty:leaves_2/10",
        "biomesoplenty:leaves_2/11",
        "biomesoplenty:leaves_3/8",
        "biomesoplenty:leaves_3/9",
        "biomesoplenty:leaves_3/10",
        "biomesoplenty:leaves_3/11",
        "biomesoplenty:leaves_4/8",
        "biomesoplenty:leaves_4/9",
        "biomesoplenty:leaves_4/10",
        "biomesoplenty:leaves_4/11",
        "biomesoplenty:leaves_5/8",
        "biomesoplenty:leaves_5/9",
        "biomesoplenty:leaves_5/10",
        "biomesoplenty:leaves_5/11",
        "biomesoplenty:leaves_6/8",
        "biomesoplenty:leaves_6/9",
        "biomesoplenty:log_0/4",
        "biomesoplenty:log_0/5",
        "biomesoplenty:log_0/6",
        "biomesoplenty:log_0/7",
        "biomesoplenty:log_1/4",
        "biomesoplenty:log_1/5",
        "biomesoplenty:log_1/6",
        "biomesoplenty:log_1/7",
        "biomesoplenty:log_2/4",
        "biomesoplenty:log_2/5",
        "biomesoplenty:log_2/6",
        "biomesoplenty:log_2/7",
        "biomesoplenty:log_3/4",
        "biomesoplenty:log_3/5",
        "biomesoplenty:log_3/6",
        "biomesoplenty:log_3/7",
        "biomesoplenty:log_4/4",
        "biomesoplenty:log_4/5",
        "forestry:leaves",
        "forestry:leaves.decorative.0",
        "forestry:leaves.decorative.1",
        "forestry:leaves.decorative.2",
        "forestry:leaves.default.0",
        "forestry:leaves.default.1",
        "forestry:leaves.default.2",
        "forestry:leaves.default.3",
        "forestry:leaves.default.4",
        "forestry:leaves.default.5",
        "forestry:leaves.default.6",
        "forestry:leaves.default.7",
        "forestry:leaves.default.8",
        "forestry:leaves.default.fruit.0",
        "forestry:leaves.default.fruit.1",
        "forestry:logs.0",
        "forestry:logs.1",
        "forestry:logs.2",
        "forestry:logs.3",
        "forestry:logs.4",
        "forestry:logs.5",
        "forestry:logs.6",
        "forestry:logs.7",
        "forestry:logs.fireproof.0",
        "forestry:logs.fireproof.1",
        "forestry:logs.fireproof.2",
        "forestry:logs.fireproof.3",
        "forestry:logs.fireproof.4",
        "forestry:logs.fireproof.5",
        "forestry:logs.fireproof.6",
        "forestry:logs.fireproof.7",
        "forestry:logs.vanilla.fireproof.0",
        "forestry:logs.vanilla.fireproof.1",
        "harvestcraft:pamcinnamon/0",
        "harvestcraft:pammaple/0",
        "harvestcraft:pampaperbark/0",
        "ic2:leaves",
        "minecraft:fence",
        "minecraft:leaves",
        "minecraft:leaves2",
        "minecraft:log",
        "minecraft:log2",
        "sakura:maple_leaves_green/0",
        "sakura:maple_leaves_orange/0",
        "sakura:maple_leaves_red/0",
        "sakura:maple_leaves_yellow/0",
        "sakura:maple_log/0",
        "sakura:sakura_log/0",
        "sakura:sakuraleaves/0",
        "tconstruct:slime_leaves",
        "thaumcraft:leaves_greatwood",
        "thaumcraft:leaves_silverwood",
        "thaumcraft:log_greatwood/0",
        "thaumcraft:log_silverwood/0",
        "twilightforest:dark_leaves",
        "twilightforest:magic_leaves",
        "twilightforest:magic_log",
        "twilightforest:twilight_leaves",
        "twilightforest:twilight_leaves_3",
        "twilightforest:twilight_log"
      ]
    },
    "hoe": {
      "name": "Hoe",
      "icon": "minecraft:diamond_hoe",
      "toollist": [
        "BiomesOPlenty:hoeAmethyst",
        "BiomesOPlenty:hoeMud",
        "IC2:itemToolBronzeHoe",
        "appliedenergistics2:certus_quartz_hoe",
        "appliedenergistics2:item.ToolCertusQuartzHoe",
        "appliedenergistics2:item.ToolNetherQuartzHoe",
        "appliedenergistics2:nether_quartz_hoe",
        "minecraft:diamond_hoe",
        "minecraft:golden_hoe",
        "minecraft:iron_hoe",
        "minecraft:stone_hoe",
        "minecraft:wooden_hoe",
        "tconstruct:mattock"
      ],
      "blocklist": [
        "minecraft:carrots",
        "minecraft:melon_block",
        "minecraft:potatoes",
        "minecraft:pumpkin",
        "minecraft:wheat"
      ]
    },
    "pickaxe": {
      "name": "Pickaxe",
      "icon": "minecraft:diamond_pickaxe",
      "toollist": [
        "BiomesOPlenty:pickaxeAmethyst",
        "BiomesOPlenty:pickaxeMud",
        "IC2:itemToolBronzePickaxe",
        "IC2:itemToolDDrill",
        "IC2:itemToolDrill",
        "IC2:itemToolIridiumDrill",
        "appliedenergistics2:certus_quartz_pickaxe",
        "appliedenergistics2:item.ToolCertusQuartzPickaxe",
        "appliedenergistics2:item.ToolNetherQuartzPickaxe",
        "appliedenergistics2:nether_quartz_pickaxe",
        "forestry:broken_bronze_pickaxe",
        "forestry:bronze_pickaxe",
        "forestry:kit_pickaxe",
        "ic2:diamond_drill",
        "ic2:drill",
        "ic2:iridium_drill",
        "minecraft:diamond_pickaxe",
        "minecraft:golden_pickaxe",
        "minecraft:iron_pickaxe",
        "minecraft:stone_pickaxe",
        "minecraft:wooden_pickaxe",
        "tconstruct:pickaxe"
      ],
      "blocklist": [
        "appliedenergistics2:charged_quartz_ore/0",
        "appliedenergistics2:quartz_ore/0",
        "biomesoplenty:gem_ore/0",
        "biomesoplenty:gem_ore/1",
        "biomesoplenty:gem_ore/2",
        "biomesoplenty:gem_ore/3",
        "biomesoplenty:gem_ore/4",
        "biomesoplenty:gem_ore/5",
        "biomesoplenty:gem_ore/6",
        "biomesoplenty:gem_ore/7",
        "forestry:resources/0",
        "forestry:resources/1",
        "forestry:resources/2",
        "ic2:resource/1",
        "ic2:resource/2",
        "ic2:resource/3",
        "ic2:resource/4",
        "minecraft:coal_ore",
        "minecraft:cobblestone_wall",
        "minecraft:diamond_ore",
        "minecraft:emerald_ore",
        "minecraft:glowstone",
        "minecraft:gold_ore",
        "minecraft:iron_ore",
        "minecraft:lapis_ore",
        "minecraft:lit_redstone_ore",
        "minecraft:mossy_cobblestone",
        "minecraft:nether_brick_fence",
        "minecraft:obsidian",
        "minecraft:quartz_ore",
        "minecraft:redstone_ore",
        "railcraft:ore/0",
        "railcraft:ore/1",
        "railcraft:ore/2",
        "railcraft:ore/3",
        "railcraft:ore/4",
        "railcraft:ore_magic/0",
        "railcraft:ore_metal/0",
        "railcraft:ore_metal/1",
        "railcraft:ore_metal/2",
        "railcraft:ore_metal/3",
        "railcraft:ore_metal/4",
        "railcraft:ore_metal/5",
        "railcraft:ore_metal_poor/0",
        "railcraft:ore_metal_poor/1",
        "railcraft:ore_metal_poor/2",
        "railcraft:ore_metal_poor/3",
        "railcraft:ore_metal_poor/4",
        "railcraft:ore_metal_poor/5",
        "railcraft:ore_metal_poor/6",
        "railcraft:ore_metal_poor/7",
        "tconstruct:ore/0",
        "tconstruct:ore/1",
        "thaumcraft:crystal_aer",
        "thaumcraft:crystal_aqua",
        "thaumcraft:crystal_ignis",
        "thaumcraft:crystal_ordo",
        "thaumcraft:crystal_perditio",
        "thaumcraft:crystal_terra",
        "thaumcraft:crystal_vitium",
        "thaumcraft:ore_amber/0",
        "thaumcraft:ore_cinnabar/0",
        "thaumcraft:ore_quartz/0"
      ]
    },
    "shears": {
      "name": "Shears",
      "icon": "minecraft:shears",
      "toollist": [
        "BiomesOPlenty:scytheAmethyst",
        "BiomesOPlenty:scytheDiamond",
        "BiomesOPlenty:scytheGold",
        "BiomesOPlenty:scytheIron",
        "BiomesOPlenty:scytheMud",
        "BiomesOPlenty:scytheStone",
        "BiomesOPlenty:scytheWood",
        "IC2:itemToolBronzeHoe",
        "minecraft:shears"
      ],
      "blocklist": [
        "biomesoplenty:leaves_0/8",
        "biomesoplenty:leaves_0/9",
        "biomesoplenty:leaves_0/10",
        "biomesoplenty:leaves_0/11",
        "biomesoplenty:leaves_1/8",
        "biomesoplenty:leaves_1/9",
        "biomesoplenty:leaves_1/10",
        "biomesoplenty:leaves_1/11",
        "biomesoplenty:leaves_2/8",
        "biomesoplenty:leaves_2/9",
        "biomesoplenty:leaves_2/10",
        "biomesoplenty:leaves_2/11",
        "biomesoplenty:leaves_3/8",
        "biomesoplenty:leaves_3/9",
        "biomesoplenty:leaves_3/10",
        "biomesoplenty:leaves_3/11",
        "biomesoplenty:leaves_4/8",
        "biomesoplenty:leaves_4/9",
        "biomesoplenty:leaves_4/10",
        "biomesoplenty:leaves_4/11",
        "biomesoplenty:leaves_5/8",
        "biomesoplenty:leaves_5/9",
        "biomesoplenty:leaves_5/10",
        "biomesoplenty:leaves_5/11",
        "biomesoplenty:leaves_6/8",
        "biomesoplenty:leaves_6/9",
        "forestry:leaves",
        "forestry:leaves.decorative.0",
        "forestry:leaves.decorative.1",
        "forestry:leaves.decorative.2",
        "forestry:leaves.default.0",
        "forestry:leaves.default.1",
        "forestry:leaves.default.2",
        "forestry:leaves.default.3",
        "forestry:leaves.default.4",
        "forestry:leaves.default.5",
        "forestry:leaves.default.6",
        "forestry:leaves.default.7",
        "forestry:leaves.default.8",
        "forestry:leaves.default.fruit.0",
        "forestry:leaves.default.fruit.1",
        "ic2:leaves",
        "minecraft:deadbush",
        "minecraft:leaves",
        "minecraft:leaves2",
        "minecraft:tallgrass",
        "minecraft:vine",
        "minecraft:web",
        "minecraft:wool",
        "sakura:maple_leaves_green/0",
        "sakura:maple_leaves_orange/0",
        "sakura:maple_leaves_red/0",
        "sakura:maple_leaves_yellow/0",
        "sakura:sakuraleaves/0",
        "tconstruct:slime_leaves",
        "thaumcraft:leaves_greatwood",
        "thaumcraft:leaves_silverwood",
        "twilightforest:dark_leaves",
        "twilightforest:magic_leaves",
        "twilightforest:twilight_leaves",
        "twilightforest:twilight_leaves_3"
      ]
    },
    "shovel": {
      "name": "Shovel",
      "icon": "minecraft:diamond_shovel",
      "toollist": [
        "BiomesOPlenty:shovelAmethyst",
        "BiomesOPlenty:shovelMud",
        "IC2:itemToolBronzeSpade",
        "appliedenergistics2:item.ToolCertusQuartzSpade",
        "appliedenergistics2:item.ToolNetherQuartzSpade",
        "forestry:broken_bronze_shovel",
        "forestry:bronze_shovel",
        "forestry:kit_shovel",
        "minecraft:diamond_shovel",
        "minecraft:golden_shovel",
        "minecraft:iron_shovel",
        "minecraft:stone_shovel",
        "minecraft:wooden_shovel",
        "tconstruct:mattock",
        "tconstruct:shovel"
      ],
      "blocklist": [
        "minecraft:clay",
        "minecraft:gravel"
      ]
    }
  }
}